first_name,gender
Shambhav,F
Yahnaa,F
Kusum,F
Niharika,F
Junu,F
Liv,F
Nisu,F
Prati,F
Lune,F
Soneeya,F
Riyane,F
Shubhu,F
Yashoda,F
Reshma,F
Palisha,F
Roshika,F
Alina,F
Amita,F
Samita,F
Sneha,F
Vivi,F
Samixya,F
Mahima,F
Sarita,F
Ansu,F
Rasila,F
Reeya,F
Manu,F
Karuna,F
Sajita,F
Sunita,F
Prapti,F
Eyrum,F
Simrika,F
Sona,F
Santoshi,F
Milan,M
Bibek,M
Ram,M
Gagan,M
prasad,M
Amir,M
Kamal,M
krishna,M
bishal,M
Kush,M
Udgam,M
suman,M
Ayus,M
Nirajan,M
Shamar,M
AsisNero,M
Santosh,M
Sabal,M
satish,M
glitch,M
Sewak,M
Sanjeev,M
Anjan,M
ram bar,M
binod,M
Yubaraj,M
Jenis,M
Asutosh,M
Rajesh,M
Shekhar,M
Bibhas,M
sabin,M
Ranjan,M
Saroj Vatsa,M
Sumit,M
prazol,M
swaraj,M
Rohit,M
Peter,M
Rakesh,M
Aditya,M
aakash,M
Amesh,M
Kiran,M
Aashish,M
Finjo,M
Ananta,M
bejyo,M
Srijan,M
Yuki,M
Paulo,M
Rabindra,M
Sarbodaya,M
Mitra Mani,M
Pralhad,M
Pradeep Raj Nepal,M
Tiray,M
Nikkon,M
sushil thapa,M
krishh,M
Chhiring,M
Amrit,M
Rohan,M
Sushil,M
pramod,M
chandra,M
susshanzt,M
Saroj,M
Jason,M
Pashupati,M
Ayush,M
Yash,M
SAM,M
Rajiv,M
Nischal,M
Dipesh,M
Dipak,M
nitish,M
Malkit,M
Kaushal,M
Saswat,M
Anish,M
Pusendra,M
Sajit,M
Czan duwal,M
Nirmal,M
Bhakta,M
Bikash,M
Ameesh,M
samir,M
Sushant,M
Sahil,M
Manish,M